{
  "sprite_directory":"@sprites",
  "font_path": "@fonts/unispace.ttf",
  "french_dictionnary": "@dictionnary/small_french.txt",
  "english_dictionnary": "@dictionnary/small_english.txt",
  "max_word_size": 10,

  "initial_life": 3,
  "max_life": 10,
  "max_ball_count": 3,
  "player_max_length": 500.0,
  "player_min_length": 100.0,
  "player_initial_length": 150.0,
  "player_length_increment": 100.0,  
  "ball_max_speed": 5.0,
  "ball_initial_speed": 1.0,
  "mouse_sensitivity": 1.0,
  "gamepad_sensitivity":20.0
}